source,URL
investopedia,https://www.investopedia.com/dow-jones-today-03202025-11700293
spglobal,https://www.spglobal.com/marketintelligence/en/mi/research-analysis/week-ahead-economic-preview-week-of-10-march-2025.html
wsj,https://www.wsj.com/livecoverage/stock-market-today-dow-nasdaq-sp500-03-20-2025
riotimesonline,https://www.riotimesonline.com/economic-calendar-key-market-events-for-the-week-from-march-10-to-14-2025/
reuters,https://www.reuters.com/markets/us/futures-tick-up-after-fed-holds-rates-steady-2025-03-20/
saxo,https://www.home.saxo/en-sg/content/articles/macro/global-market-quick-take-asia--march-10-2025-10032025
cnbc,https://www.cnbc.com/2025/03/20/fridays-big-stock-stories-whats-likely-to-move-the-market.html
tradingeconomics,https://tradingeconomics.com/calendar
nasdaq,https://www.nasdaq.com/articles/stock-market-news-mar-10-2025
comerica,https://www.comerica.com/insights/economic-insights/fx-commentary/weekly-calendar/fx-calendar-march-10-2025.html
apnews,https://apnews.com/article/wall-street-stocks-dow-nasdaq-4d05406074f5cccc7d4bf39ee3d1e40e
cnbc,https://www.cnbc.com/2025/03/09/stock-market-news-today-live-updates.html
riotimesonline,https://www.riotimesonline.com/economic-calendar-key-market-events-for-the-week-from-march-10-to-14-2025/
cnbc,https://www.cnbc.com/2025/03/19/stock-market-today-live-updates.html
businessinsider,https://markets.businessinsider.com/news/stocks/3-economic-events-that-could-affect-your-portfolio-this-week-march-10-14-2025-1034456059
plus500,https://www.plus500.com/en/newsandmarketinsights/10-march-2025-week-ahead-inflation-earnings-more
investopedia,https://www.investopedia.com/dow-jones-today-03102025-11693786
cnbc,https://www.cnbc.com/2025/03/10/stock-market-today-live-updates.html
simplywall,https://simplywall.st/stocks/jp/media/tse-9468/kadokawa-shares/news/high-growth-tech-stocks-to-watch-in-march-2025-10
latimes,https://www.latimes.com/business/story/2025-03-13/meta-google-apple-tesla-nvidia-openai-trump-tech-stocks-falling-ai-tariffs
internationalbanker,https://internationalbanker.com/technology/the-tech-sector-outlook-for-2025-another-strong-year-lies-in-store/
fidelity,https://www.fidelity.com/learning-center/trading-investing/outlook-energy
nasdaq,https://www.nasdaq.com/articles/3-energy-stocks-buy-are-crushing-market-2025
samco,https://www.samco.in/knowledge-center/articles/suzlon-energy-share-price-performance-in-march-2025/
bankrate,https://www.bankrate.com/investing/best-performing-tech-stocks/
investopedia,https://www.investopedia.com/the-best-energy-stocks-8781579
bankrate,https://www.bankrate.com/investing/best-performing-energy-stocks/
tacenergy,https://www.tacenergy.com/news-and-views/market-talk/moves-in-us-equities-continue-to-have-stronger-influence-on-energy-prices
investopedia,https://www.investopedia.com/dow-jones-today-03102025-11693786
wsj,https://www.wsj.com/livecoverage/stock-market-today-dow-nasdaq-sp500-03-18-2025
securities,https://www.securities.io/tech-stocks-poised-for-growth/
fundsupermart,https://secure.fundsupermart.com/fsmone/article/rcms314921/why-tech-stocks-will-continue-to-lead-the-market-in-2025
saxo,https://www.home.saxo/en-sg/content/articles/macro/market-quick-take---21-march-2025-21032025
reuters,https://www.reuters.com/markets/us/futures-tick-up-after-fed-holds-rates-steady-2025-03-20/
reuters,https://www.reuters.com/markets/europe/european-shares-tick-up-energy-stocks-boost-us-tariffs-eyed-2025-02-10/
yfinance,https://finance.yahoo.com/sectors/energy/
morganstanley,https://www.morganstanley.com/insights/articles/stock-market-outlook-2025
linkedin,https://www.linkedin.com/pulse/top-high-growth-tech-stocks-watch-march-2025-analytics-nnu5c
perplexity,https://www.perplexity.ai/finance/TECH
yfinance,https://finance.yahoo.com/news/best-performing-energy-stocks-february-051546160.html
weforum,https://www.weforum.org/stories/2025/03/5-energy-trends-2025/
ubs,https://www.ubs.com/global/en/wealthmanagement/insights/chief-investment-office/house-view/daily/2025/latest-31012025.html
jpmorgan,https://am.jpmorgan.com/no/en/asset-management/adv/insights/market-insights/investment-outlook/ai-investment/
polarcapitaltechnologytrust,https://www.polarcapitaltechnologytrust.co.uk/News-Views/Post/10894/AI_Can_the_hot_streak_continue_or_are_tech_stocks_finally_running_out_of_steam/
pwc,https://www.pwc.com/us/en/tech-effect/ai-analytics/ai-predictions.html
callminer,https://callminer.com/blog/5-trends-driving-tech-companies-ai-adoption-for-cx-in-2025
lordabbett,https://www.lordabbett.com/en-us/financial-advisor/insights/investment-objectives/2025/generative-ai-investing-opportunities-at-a-key-tech-inflection-point.html
mckinsey,https://www.mckinsey.com/capabilities/mckinsey-digital/our-insights/superagency-in-the-workplace-empowering-people-to-unlock-ais-full-potential-at-work
ey,https://www.ey.com/en_us/newsroom/2024/12/ey-research-artificial-intelligence-investments-set-to-remain-strong-in-2025-but-senior-leaders-recognize-emerging-risks